question,expected_source,baseline_acc,baseline_faith,baseline_rel,baseline_rec,baseline_answer,+KG_acc,+KG_faith,+KG_rel,+KG_rec,+KG_answer,+multimodal_acc,+multimodal_faith,+multimodal_rel,+multimodal_rec,+multimodal_answer,+both_acc,+both_faith,+both_rel,+both_rec,+both_answer
What method is used to assess the spatial consistency of ERP maps across subjects?,PMC6020783_00008.txt,0,1,1,1,The method used to assess the spatial consistency of ERP maps across subjects is the Topographic Consistency Test (TCT).,0,1,1,1,"The method used to assess the spatial consistency of ERP maps across subjects is the ""Topographic Consistency Test.""",0,1,1,1,The method used to assess the spatial consistency of ERP maps across subjects is the Topographic Consistency Test (TCT).,0,1,1,1,"The method used to assess the spatial consistency of ERP maps across subjects is the ""Topographic Consistency Test."""
What is confirmed by studies recording the lateralized readiness potential (LAP) regarding incorrect spatial responses?,PMC4743617_00001.txt,1,1,1,1,Studies recording the lateralized readiness potential (LAP) confirm that the incorrect spatial response is briefly activated on incompatible trials while the co,1,1,1,1,Studies recording the lateralized readiness potential (LAP) confirm that the incorrect spatial response is briefly activated while the correct response is emerg,1,1,1,1,Studies recording the lateralized readiness potential (LAP) confirm that the incorrect spatial response is briefly activated while the correct response is emerg,1,1,1,1,"Studies recording the lateralized readiness potential (LAP) confirm that on incompatible trials, the incorrect spatial response is briefly activated while the c"
What is of paramount importance for the activation of p70S6K?,PMC4125699_00003.txt,1,1,1,1,The phosphorylation of the serine residue at position 411 is of paramount importance for the activation of p70S6K.,1,1,1,1,The phosphorylation of the serine residue at position 411 is of paramount importance for the activation of p70S6K.,1,1,1,1,The phosphorylation of the serine residue at position 411 is of paramount importance for the activation of p70S6K.,1,1,1,1,The phosphorylation of the serine residue at position 411 is of paramount importance for the activation of p70S6K.
What is the risk associated with visual manual interaction during cell networking and text messaging while driving?,PMC3709122_00007.txt,1,1,1,1,"The risk associated with visual manual interaction during cell networking and text messaging while driving is an increase in the risk of accidents, comparable t",1,1,1,1,"The risk associated with visual manual interaction during cell networking and text messaging while driving is an increased risk of accidents, comparable to havi",0,1,1,1,"The risk associated with visual manual interaction during cell networking and text messaging while driving is a 25-fold increase in the risk of accidents, compa",1,1,1,1,"The risk associated with visual manual interaction during cell networking and text messaging while driving is an increased risk of accidents, comparable to havi"
What is the primary mechanism by which fibrates lower lipid levels?,PMC5874549_00003.txt,1,1,1,1,Fibrates primarily lower lipid levels by activating the peroxisome proliferator-activated receptor-alpha (PPAR-alpha).,1,1,1,1,Fibrates primarily lower lipid levels by activating the peroxisome proliferator-activated receptor-alpha (PPAR-alpha).,1,1,1,1,Fibrates primarily lower lipid levels by activating the peroxisome proliferator-activated receptor-alpha (PPAR-alpha).,1,1,1,1,Fibrates primarily lower lipid levels by activating the peroxisome proliferator-activated receptor-alpha (PPAR-alpha).
What does the term 'Lamerr' refer to in the context of parenting discipline?,PMC5429906_00004.txt,1,0,1,1,"In the context of parenting discipline, 'Lamerr' refers to permissive discipline, which is exemplified by allowing a child to do something even after initially ",1,1,1,1,The term 'Lamerr' refers to permissive discipline in the context of parenting.,0,0,1,1,"In the context of parenting discipline, 'Lamerr' refers to permissive discipline, which is exemplified by allowing a child to do something even after initially ",1,1,1,1,The term 'Lamerr' refers to permissive discipline in the context of parenting.
What does the Hepatocoon clade represent in terms of its phylogenetic structure?,PMC6084435_00008.txt,1,1,1,1,The Hepatocoon clade represents a polyphyly with H. sacrum asp and H. toi np forming two well-supported monophyletic clades.,1,1,1,1,The Hepatocoon clade represents a polyphyletic group with H. sacrum asp and H. toi np forming two well-supported monophyletic clades.,1,1,1,1,The Hepatocoon clade represents a polyphyletic group with H. sacrum asp and H. toi np forming two well-supported monophyletic clades.,1,1,1,1,"The Hepatocoon clade represents a polyphyletic group with well-supported monophyletic clades. Specifically, it includes species such as H. sacrum and H. toi, wh"
What stabilization method is most commonly described in the articles regarding the effect of applying dentition?,PMC5906482_00007.txt,1,1,1,1,The most commonly described stabilization method in the articles regarding the effect of applying dentition is the use of sutures or wires.,0,1,0,1,I don't know.,1,1,1,1,The most commonly described stabilization method in the articles regarding the effect of applying dentition is the use of sutures or wires as a stabilization me,1,1,1,1,The most commonly described stabilization method in the articles regarding the effect of applying dentition is the use of sutures or wires.
What stem cell factors are associated with NSCLC resistance to chemotherapy?,PMC4650740_00006.txt,1,1,1,1,"The stem cell factors associated with NSCLC resistance to chemotherapy are Sox2, Oct, and Nanog.",1,1,1,1,"The stem cell factors associated with NSCLC resistance to chemotherapy are Sox2, Oct, and Nanog.",1,1,1,1,"The stem cell factors associated with NSCLC resistance to chemotherapy are Sox2, Oct, and Nanog.",1,1,1,1,"The stem cell factors associated with NSCLC resistance to chemotherapy are Sox2, Oct, and Nanog."
What are the protective effects of coactivation of PPAR and Nrf2?,PMC5733955_00001.txt,1,1,1,1,"The coactivation of PPAR and Nrf2 has been shown to protect against oxidative stress, inflammation, and carcinogenesis.",1,1,1,1,"The coactivation of PPAR and Nrf2 has been shown to protect against oxidative stress, inflammation, and carcinogenesis.",1,1,1,1,"The coactivation of PPAR and Nrf2 has been shown to protect against oxidative stress, inflammation, and carcinogenesis.",1,1,1,1,"The coactivation of PPAR and Nrf2 has been shown to protect against oxidative stress, inflammation, and carcinogenesis."
What did GFP bleaching in phagocytized bacteria suggest about cytoplasmic HOC concentrations?,PMC5839695_00013.txt,1,1,1,1,GFP bleaching in phagocytized bacteria suggested that cytoplasmic HOC concentrations were significant.,1,1,1,1,GFP bleaching in phagocytized bacteria suggested that cytoplasmic HOC concentrations were significant.,1,1,1,1,GFP bleaching in phagocytized bacteria suggested that cytoplasmic HOC concentrations were significant.,1,1,1,1,GFP bleaching in phagocytized bacteria suggested that cytoplasmic HOC concentrations were significant.
What is a key feature of a substrate-based radiotracer for a hyalase?,PMC5613853_00002.txt,0,1,0,1,I don't know.,0,1,0,1,I don't know.,1,1,1,1,I don't know. The provided text does not mention hyalase or specific features of substrate-based radiotracers for it.,0,1,1,1,A key feature of a substrate-based radiotracer for a hyalase is the ability to achieve signal amplification. This occurs because an individual enzyme molecule c
What was the effect of LPS stimulation on the mRNA level of a specific gene in SJL and L/L pups?,PMC4517690_00005.txt,1,1,1,1,LPS stimulation significantly elevated the mRNA level of a specific gene in the brain regions of SJL and L/L pups.,1,1,1,1,LPS stimulation elevated the mRNA level of Binal in SJL and L/L pups.,1,1,1,1,LPS stimulation significantly elevated the mRNA level of a specific gene in both SJL and L/L pups.,1,1,1,1,LPS stimulation elevated the mRNA level of Binal in SJL and L/L pups.
What analysis method was used to determine statistical significance in the study?,PMC5928379_00005.txt,0,1,1,0,"The analysis methods used to determine statistical significance in the studies mentioned include the Student's t-test, Chi-square test, Mann-Whitney test, and F",0,1,1,0,"The analysis methods used to determine statistical significance in the study included the Student's t-test, Chi-square test, and Mann-Whitney test. Additionally",0,1,1,0,"The analysis methods used to determine statistical significance in the study include the Student's t-test, Chi-square test, and Mann-Whitney test. Additionally,",0,1,1,0,"The analysis methods used to determine statistical significance in the study included Student's t-test, Chi-square test, Mann-Whitney test, and Fisher's exact t"
What media were used for the matrix factor of doxorubicin?,PMC6035002_00013.txt,1,1,1,1,The media used for the matrix factor of doxorubicin were DMEM/F12 and fetal M199.,1,1,1,1,The media used for the matrix factor of doxorubicin were DMEM/F12 and fetal M199.,1,1,1,1,The media used for the matrix factor of doxorubicin were DMEM/F12 and fetal M199.,1,1,1,1,The media used for the matrix factor of doxorubicin were DMEM/F12 and fetal M199.
What did Shabuova et al. (2014) define as the bacterial 'core' assemblage?,PMC5947618_00010.txt,1,1,1,1,"Shabuova et al. (2014) defined the bacterial ""core"" assemblage as the subset of bacterial genotypes that were present in all samples during their temporal study",1,1,1,1,"Shabuova et al. (2014) defined a bacterial ""core"" assemblage as the subset of bacterial genotypes that were present in all samples during their temporal study o",1,1,1,1,"Shabuova et al. (2014) defined a bacterial ""core"" assemblage as the subset of bacterial genotypes that were present in all samples during their temporal study o",1,1,1,1,"Shabuova et al. (2014) defined a bacterial ""core"" assemblage as the subset of bacterial genotypes that were present in all samples during their temporal study o"
What is an independent negative prognostic factor in breast cancer?,PMC5050233_00001.txt,1,1,1,1,Young age at onset is an independent negative prognostic factor in breast cancer.,1,1,1,1,Young age at onset is an independent negative prognostic factor in breast cancer.,1,1,1,1,Young age at onset is an independent negative prognostic factor in breast cancer.,1,1,1,1,Young age at onset is an independent negative prognostic factor in breast cancer.
What is the prevalence of Pompe disease in Australia compared to the expected prevalence for Bop?,PMC5760608_00003.txt,1,0,1,1,"The prevalence of Pompe disease in Australia is considerably lower than the expected prevalence for Bop. The study mentions a prevalence of 1 in 35,091 for Pomp",1,1,1,1,"The prevalence of Pompe disease in Australia, as found in the study, is 1 in 35,091, which is considerably lower than the expected prevalence for Bop, which is ",1,1,1,1,"The prevalence of Pompe disease in Australia, as found in the study, is considerably lower than the expected prevalence for Bop. The study mentions a prevalence",1,1,1,1,The prevalence of Pompe disease in Australia is considerably lower than the expected prevalence for Bop.
What medium was selected to enhance the production of active SMa?,PMC4205895_00005.txt,1,1,1,1,The YES medium was selected to enhance the production of active SMa.,1,1,1,1,The YES medium was selected to enhance the production of active SMa.,1,1,1,1,The YES medium was selected to enhance the production of active SMa.,1,1,1,1,The YES medium was selected to enhance the production of active SMa.
What compensatory mechanism occurs in Dictyostelium discoideum when SCAR is lost?,PMC5800805_00000.txt,1,1,1,1,"In Dictyostelium discoideum, when SCAR is lost, WASP moves to the leading edge to generate morphologically normal pseudopods as a compensatory mechanism.",1,1,1,1,"In Dictyostelium discoideum, when SCAR is lost, the compensatory mechanism involves WASP moving to the leading edge to generate morphologically normal pseudopod",1,1,1,1,"In Dictyostelium discoideum, when SCAR is lost, the compensatory mechanism involves WASP moving to the leading edge to generate morphologically normal pseudopod",1,1,1,1,"In Dictyostelium discoideum, when SCAR is lost, the compensatory mechanism involves WASP moving to the leading edge to generate morphologically normal pseudopod"
What do the abbreviations ECFP and DR stand for in the context of fluorescent proteins?,PMC5580807_00019.txt,1,1,1,1,"In the context of fluorescent proteins, ECFP stands for enhanced cyan fluorescent protein, and DR stands for Discosoma red fluorescent protein.",1,1,1,1,"In the context of fluorescent proteins, ECFP stands for ""enhanced cyan fluorescent protein"" and DR stands for ""Discosoma red fluorescent protein.""",1,1,1,1,"In the context of fluorescent proteins, ECFP stands for ""enhanced cyan fluorescent protein"" and DR stands for ""Discosoma red fluorescent protein.""",1,1,1,1,"In the context of fluorescent proteins, the abbreviation ECFP stands for ""enhanced cyan fluorescent protein,"" and DR stands for ""Discosoma red fluorescent prote"
What statistical tests were used to compare the frequencies of outpatient physician visits and other procedures by progression status?,PMC3211193_00002.txt,0,1,1,1,The statistical tests used to compare the frequencies of outpatient physician visits and other procedures by progression status were t-tests and Mann-Whitney U-,0,1,1,1,The statistical tests used to compare the frequencies of outpatient physician visits and other procedures by progression status were t-tests and Mann-Whitney U-,1,1,1,1,The statistical tests used to compare the frequencies of outpatient physician visits and other procedures by progression status were t-tests and Mann-Whitney U-,0,1,1,1,The statistical tests used to compare the frequencies of outpatient physician visits and other procedures by progression status were t-tests and Mann-Whitney U-
What genes were analyzed for allelic frequencies and case-control associations with ASDs?,PMC3120659_00004.txt,1,1,1,1,The genes analyzed for allelic frequencies and case-control associations with ASDs were the NLGN3 and NLGN4X genes.,1,1,1,1,The genes analyzed for allelic frequencies and case-control associations with ASDs were NLGN3 and NLGN4X.,1,1,1,1,The genes analyzed for allelic frequencies and case-control associations with ASDs were NLGN3 and NLGN4X.,1,1,1,1,The genes analyzed for allelic frequencies and case-control associations with ASDs were NLGN3 and NLGN4X.
What is the suggested notion regarding smokers who attempt to quit in relation to COPD?,PMC4374651_00008.txt,1,1,1,1,The suggested notion is that many smokers attempt to quit smoking when they are ill with COPD.,0,1,1,1,The suggested notion is that many smokers attempt to quit because they are ill with COPD.,0,1,1,1,The suggested notion is that many smokers attempt to quit smoking when they are already ill with COPD. This is supported by the elevated risk of airflow obstruc,0,1,1,1,The suggested notion is that many smokers attempt to quit smoking because they are ill with COPD.
