question,src_recall,facts,baseline_subs,baseline_both,baseline_answer,+KG_subs,+KG_both,+KG_answer,+multimodal_subs,+multimodal_both,+multimodal_answer,+both_subs,+both_both,+both_answer
"What stabilization method is most commonly described in the articles regarding the effect of applying dentition? Also, separately: What medium was selected to enhance the production of active SMa?",1.0,7,01,0,The most commonly described stabilization method in the articles regarding the effect of applying dentition is the use of wires. The medium ,11,1,The stabilization method most commonly described in the articles regarding the effect of applying dentition is the use of wires as a stabili,11,1,The stabilization method most commonly described in the articles regarding the effect of applying dentition is the use of wires as a stabili,11,1,The stabilization method most commonly described in the articles regarding the effect of applying dentition is the use of wires as a stabili
"What is the prevalence of Pompe disease in Australia compared to the expected prevalence for Bop? Also, separately: What is the primary mechanism by which fibrates lower lipid levels?",1.0,8,11,1,"The prevalence of Pompe disease in Australia is considerably lower than the expected prevalence for Bop, which is 1-283,000.   The primary m",11,1,"The prevalence of Pompe disease in Australia is considerably lower than the expected prevalence for Bop, which is 1-283,000.   The primary m",11,1,"The prevalence of Pompe disease in Australia is considerably lower than the expected prevalence for Bop, which is 1-283,000.   The primary m",11,1,"The prevalence of Pompe disease in Australia is considerably lower than the expected prevalence for Bop, which is 1-283,000.   The primary m"
"What is a key feature of a substrate-based radiotracer for a hyalase? Also, separately: What compensatory mechanism occurs in Dictyostelium discoideum when SCAR is lost?",1.0,4,11,1,A key feature of a substrate-based radiotracer for a hyalase is that the enzyme activation of the radiolabeled substrate produces two fragme,11,1,A key feature of a substrate-based radiotracer for a hyalase is that the enzyme activation of the radiolabeled substrate produces two fragme,11,1,A key feature of a substrate-based radiotracer for a hyalase is that the enzyme activation of the radiolabeled substrate produces two fragme,11,1,A key feature of a substrate-based radiotracer for a hyalase is that the enzyme activation of the radiolabeled substrate produces two fragme
"What did Shabuova et al. (2014) define as the bacterial 'core' assemblage? Also, separately: What do the abbreviations ECFP and DR stand for in the context of fluorescent proteins?",1.0,0,11,1,"Shabuova et al. (2014) defined a bacterial ""core"" assemblage as the subset of those bacterial genotypes that were present in all samples dur",10,0,"Shabuova et al. (2014) defined a bacterial ""core"" assemblage as the subset of those bacterial genotypes that were present in all samples dur",11,1,"Shabuova et al. (2014) defined a bacterial ""core"" assemblage as the subset of those bacterial genotypes that were present in all samples dur",10,0,"Shabuova et al. (2014) defined a bacterial ""core"" assemblage as the subset of those bacterial genotypes that were present in all samples dur"
"What compensatory mechanism occurs in Dictyostelium discoideum when SCAR is lost? Also, separately: What method is used to assess the spatial consistency of ERP maps across subjects?",1.0,8,11,1,"In Dictyostelium discoideum, when SCAR is lost, the compensatory mechanism involves WASP moving to the leading edge to generate morphologica",11,1,"In Dictyostelium discoideum, when SCAR is lost, the compensatory mechanism involves WASP moving to the leading edge to generate morphologica",11,1,"In Dictyostelium discoideum, when SCAR is lost, the compensatory mechanism involves WASP moving to the leading edge to generate morphologica",11,1,"In Dictyostelium discoideum, when SCAR is lost, the compensatory mechanism involves WASP moving to the leading edge to generate morphologica"
"What did Shabuova et al. (2014) define as the bacterial 'core' assemblage? Also, separately: What stem cell factors are associated with NSCLC resistance to chemotherapy?",0.5,8,00,0,I don't know.,00,0,"I don't know.   The stem cell factors associated with NSCLC resistance to chemotherapy include Sox2, Oct, and Nanog.",00,0,I don't know.,00,0,"I don't know.   The stem cell factors associated with NSCLC resistance to chemotherapy include Sox2, Oct, and Nanog."
"What is the prevalence of Pompe disease in Australia compared to the expected prevalence for Bop? Also, separately: What stabilization method is most commonly described in the articles regarding the effect of applying dentition?",0.5,8,10,0,"The prevalence of Pompe disease in Australia is considerably lower than the expected prevalence for Bop, which is 1-283,000.   I don't know ",10,0,"The prevalence of Pompe disease in Australia is considerably lower than the expected prevalence for Bop, which is 1-283,000.   I don't know ",10,0,"The prevalence of Pompe disease in Australia is considerably lower than the expected prevalence for Bop, which is 1-283,000.   I don't know ",10,0,"The prevalence of Pompe disease in Australia is considerably lower than the expected prevalence for Bop, which is 1-283,000.   I don't know "
"What does the Hepatocoon clade represent in terms of its phylogenetic structure? Also, separately: What genes were analyzed for allelic frequencies and case-control associations with ASDs?",1.0,2,01,0,"The Hepatocoon clade represents a polyphyletic structure with well-supported monophyletic clades, including two well-supported monophyletic ",01,0,"The Hepatocoon clade represents a well-supported monophyletic group comprising Hepatocoon species, with two well-supported monophyletic clad",01,0,"The Hepatocoon clade represents a well-supported monophyletic group, with two well-supported monophyletic clades within it.   For the alleli",01,0,"The Hepatocoon clade represents a well-supported monophyletic group, with two well-supported monophyletic clades within it.   For the alleli"
"What did Shabuova et al. (2014) define as the bacterial 'core' assemblage? Also, separately: What is the prevalence of Pompe disease in Australia compared to the expected prevalence for Bop?",1.0,8,11,1,"Shabuova et al. (2014) defined a bacterial ""core"" assemblage as the subset of those bacterial genotypes that were present in all samples dur",00,0,"I don't know.   The prevalence of Pompe disease in Australia is lower than the expected prevalence for Bop, which is 1-283,000.",11,1,"Shabuova et al. (2014) defined a bacterial ""core"" assemblage as the subset of those bacterial genotypes that were present in all samples dur",10,0,"Shabuova et al. (2014) defined a bacterial ""core"" assemblage as the subset of those bacterial genotypes that were present in all samples dur"
"What was the effect of LPS stimulation on the mRNA level of a specific gene in SJL and L/L pups? Also, separately: What do the abbreviations ECFP and DR stand for in the context of fluorescent proteins?",0.5,7,10,0,LPS stimulation significantly elevated the mRNA level of a specific gene in SJL and L/L pups.   I don't know what the abbreviations ECFP and,10,0,The effect of LPS stimulation on the mRNA level of a specific gene in SJL and L/L pups was that it significantly elevated the mRNA level of ,10,0,LPS stimulation significantly elevated the mRNA level of a specific gene in SJL and L/L pups.   I don't know what the abbreviations ECFP and,00,0,LPS stimulation elevated the mRNA level of a specific gene in SJL and L/L pups.   I don't know what the abbreviations ECFP and DR stand for 
"What is the primary mechanism by which fibrates lower lipid levels? Also, separately: What stabilization method is most commonly described in the articles regarding the effect of applying dentition?",0.5,8,10,0,The primary mechanism by which fibrates lower lipid levels is by activating the peroxisome proliferator-activated receptor-alpha (PPAR-alpha,10,0,The primary mechanism by which fibrates lower lipid levels is by activating the peroxisome proliferator-activated receptor-alpha (PPAR-alpha,10,0,The primary mechanism by which fibrates lower lipid levels is by activating the peroxisome proliferator-activated receptor-alpha (PPAR-alpha,10,0,The primary mechanism by which fibrates lower lipid levels is by activating the peroxisome proliferator-activated receptor-alpha (PPAR-alpha
"What do the abbreviations ECFP and DR stand for in the context of fluorescent proteins? Also, separately: What is the primary mechanism by which fibrates lower lipid levels?",0.5,6,01,0,"I don't know. The context provided does not mention the abbreviations ECFP and DR in relation to fluorescent proteins. However, the primary ",00,0,I don't know. The primary mechanism by which fibrates lower lipid levels is by decreasing triglyceride levels and increasing HDL-C levels.,00,0,I don't know.,00,0,I don't know.   The primary mechanism by which fibrates lower lipid levels is by decreasing triglyceride levels and increasing HDL-C levels.
"What is an independent negative prognostic factor in breast cancer? Also, separately: What was the effect of LPS stimulation on the mRNA level of a specific gene in SJL and L/L pups?",0.5,8,00,0,I don't know.   The effect of LPS stimulation on the mRNA level of a specific gene in SJL and L/L pups was that it significantly elevated th,00,0,I don't know.   The effect of LPS stimulation on the mRNA level of a specific gene in SJL and L/L pups was that it elevated the mRNA level o,00,0,I don't know.   The effect of LPS stimulation on the mRNA level of a specific gene in SJL and L/L pups was that it significantly elevated th,00,0,I don't know.   LPS stimulation elevated the mRNA level of binal in SJL and L/L pups.
"What is the suggested notion regarding smokers who attempt to quit in relation to COPD? Also, separately: What method is used to assess the spatial consistency of ERP maps across subjects?",0.5,8,10,0,The suggested notion regarding smokers who attempt to quit in relation to COPD is that many smokers do attempt to quit when they are ill wit,00,0,The suggested notion regarding smokers who attempt to quit in relation to COPD is that many smokers do attempt to quit when they are ill wit,10,0,The suggested notion regarding smokers who attempt to quit in relation to COPD is that many smokers do attempt to quit only after they are i,00,0,The suggested notion regarding smokers who attempt to quit in relation to COPD is that many smokers do attempt to quit when they are diagnos
"What statistical tests were used to compare the frequencies of outpatient physician visits and other procedures by progression status? Also, separately: What is of paramount importance for the activation of p70S6K?",1.0,4,11,1,The statistical tests used to compare the frequencies of outpatient physician visits and other procedures by progression status were Mann-Wh,11,1,The statistical tests used to compare the frequencies of outpatient physician visits and other procedures by progression status were Mann-Wh,11,1,The statistical tests used to compare the frequencies of outpatient physician visits and other procedures by progression status were Mann-Wh,11,1,The statistical tests used to compare the frequencies of outpatient physician visits and other procedures by progression status were Mann-Wh
"What does the term 'Lamerr' refer to in the context of parenting discipline? Also, separately: What medium was selected to enhance the production of active SMa?",1.0,3,01,0,"The term 'Lamerr' refers to permissive discipline in parenting, where a parent might say, “When I say my child can't do something, they do i",11,1,The term 'Lamerr' refers to permissive discipline in the context of parenting discipline. The medium selected to enhance the production of a,11,1,"The term 'Lamerr' refers to permissive discipline, where a parent might say, “When I say my child can't do something, they do it anyway—stic",11,1,"The term 'Lamerr' refers to permissive discipline, which is characterized by allowing a child to do something despite parental restrictions."
"What is confirmed by studies recording the lateralized readiness potential (LAP) regarding incorrect spatial responses? Also, separately: What are the protective effects of coactivation of PPAR and Nrf2?",1.0,8,11,1,Studies recording the lateralized readiness potential (LAP) confirm that the incorrect spatial response is briefly activated while the corre,11,1,Studies recording the lateralized readiness potential (LAP) confirm that the incorrect spatial response is briefly activated while the corre,11,1,Studies recording the lateralized readiness potential (LAP) confirm that the incorrect spatial response is briefly activated while the corre,11,1,Studies recording the lateralized readiness potential (LAP) confirm that the incorrect spatial response is briefly activated while the corre
"What method is used to assess the spatial consistency of ERP maps across subjects? Also, separately: What stem cell factors are associated with NSCLC resistance to chemotherapy?",1.0,8,11,1,The method used to assess the spatial consistency of ERP maps across subjects is the grand mean of the ERP maps.   The stem cell factors ass,00,0,"I don't know.   The stem cell factors associated with NSCLC resistance to chemotherapy are Sox2, Oct, and Nanog.",00,0,I don't know.,00,0,I don't know.
"What did Shabuova et al. (2014) define as the bacterial 'core' assemblage? Also, separately: What compensatory mechanism occurs in Dictyostelium discoideum when SCAR is lost?",1.0,2,11,1,"Shabuova et al. (2014) defined a bacterial ""core"" assemblage as the subset of those bacterial genotypes that were present in all samples dur",11,1,"Shabuova et al. (2014) defined a bacterial ""core"" assemblage as the subset of those bacterial genotypes that were present in all samples dur",11,1,"Shabuova et al. (2014) defined a bacterial ""core"" assemblage as the subset of those bacterial genotypes that were present in all samples dur",11,1,"Shabuova et al. (2014) defined a bacterial ""core"" assemblage as the subset of those bacterial genotypes that were present in all samples dur"
"What is the suggested notion regarding smokers who attempt to quit in relation to COPD? Also, separately: What was the effect of LPS stimulation on the mRNA level of a specific gene in SJL and L/L pups?",1.0,8,11,1,The suggested notion regarding smokers who attempt to quit in relation to COPD is that many smokers do attempt to quit until they are diagno,11,1,The suggested notion regarding smokers who attempt to quit in relation to COPD is that many smokers do attempt to quit until they are diagno,11,1,The suggested notion regarding smokers who attempt to quit in relation to COPD is that many smokers do attempt to quit until they are diagno,11,1,The suggested notion regarding smokers who attempt to quit in relation to COPD is that many smokers do attempt to quit until they are diagno
"What genes were analyzed for allelic frequencies and case-control associations with ASDs? Also, separately: What analysis method was used to determine statistical significance in the study?",0.5,8,10,0,The genes analyzed for allelic frequencies and case-control associations with ASDs were NLGN3 and NLGN4X. The analysis method used to determ,10,0,The genes analyzed for allelic frequencies and case-control associations with ASDs were NLGN3 and NLGN4X. The analysis method used to determ,10,0,The genes analyzed for allelic frequencies and case-control associations with ASDs were NLGN3 and NLGN4X. The analysis method used to determ,10,0,The genes analyzed for allelic frequencies and case-control associations with ASDs were NLGN3 and NLGN4X.   The analysis method used to dete
"What medium was selected to enhance the production of active SMa? Also, separately: What media were used for the matrix factor of doxorubicin?",1.0,5,11,1,The medium selected to enhance the production of active SMa was YES medium. The media used for the matrix factor of doxorubicin were DMEM/F1,11,1,The medium selected to enhance the production of active SMa was YES medium. The media used for the matrix factor of doxorubicin were DMEM/F1,11,1,The medium selected to enhance the production of active SMa was YES medium. The media used for the matrix factor of doxorubicin were DMEM/F1,11,1,The medium selected to enhance the production of active SMa was YES medium. The media used for the matrix factor of doxorubicin were DMEM/F1
"What is the primary mechanism by which fibrates lower lipid levels? Also, separately: What is a key feature of a substrate-based radiotracer for a hyalase?",1.0,8,10,0,The primary mechanism by which fibrates lower lipid levels is by activating the peroxisome proliferator-activated receptor-alpha (PPAR-alpha,00,0,The primary mechanism by which fibrates lower lipid levels is by decreasing triglyceride levels and increasing HDL-C levels.   A key feature,10,0,The primary mechanism by which fibrates lower lipid levels is by activating the peroxisome proliferator-activated receptor-alpha (PPAR-alpha,10,0,The primary mechanism by which fibrates lower lipid levels is by activating the peroxisome proliferator-activated receptor-alpha (PPAR-alpha
"What is the risk associated with visual manual interaction during cell networking and text messaging while driving? Also, separately: What is confirmed by studies recording the lateralized readiness potential (LAP) regarding incorrect spatial responses?",1.0,8,01,0,The risk associated with visual manual interaction during cell networking and text messaging while driving is an increase in the risk of acc,11,1,The risk associated with visual manual interaction during cell networking and text messaging while driving is an increase in the risk of acc,11,1,The risk associated with visual manual interaction during cell networking and text messaging while driving is that it has been linked to an ,11,1,The risk associated with visual manual interaction during cell networking and text messaging while driving is an increase in the risk of acc
"What is the primary mechanism by which fibrates lower lipid levels? Also, separately: What did Shabuova et al. (2014) define as the bacterial 'core' assemblage?",0.5,6,10,0,Fibrates lower lipid levels primarily by activating the peroxisome proliferator-activated receptor-alpha (PPAR-alpha).   I don't know what S,00,0,The primary mechanism by which fibrates lower lipid levels is by decreasing triglyceride levels and increasing HDL-C levels.   I don't know ,10,0,The primary mechanism by which fibrates lower lipid levels is by activating the peroxisome proliferator-activated receptor-alpha (PPAR-alpha,10,0,The primary mechanism by which fibrates lower lipid levels is by activating the peroxisome proliferator-activated receptor-alpha (PPAR-alpha
"What does the Hepatocoon clade represent in terms of its phylogenetic structure? Also, separately: What stem cell factors are associated with NSCLC resistance to chemotherapy?",0.5,8,00,0,I don't know.,00,0,"I don't know.   The stem cell factors associated with NSCLC resistance to chemotherapy include Sox2, Oct, and Nanog.",00,0,I don't know.,00,0,"I don't know.   The stem cell factors associated with NSCLC resistance to chemotherapy include Sox2, Oct, and Nanog."
"What statistical tests were used to compare the frequencies of outpatient physician visits and other procedures by progression status? Also, separately: What analysis method was used to determine statistical significance in the study?",0.5,8,10,0,The statistical tests used to compare the frequencies of outpatient physician visits and other procedures by progression status were Mann-Wh,10,0,The statistical tests used to compare the frequencies of outpatient physician visits and other procedures by progression status were Mann-Wh,10,0,The statistical tests used to compare the frequencies of outpatient physician visits and other procedures by progression status were the Man,10,0,The statistical tests used to compare the frequencies of outpatient physician visits and other procedures by progression status were the Man
