question,expected_source,question_type,model,baseline_acc,baseline_faith,baseline_rel,baseline_rec,baseline_complete,baseline_mrr,baseline_in_tok,baseline_out_tok,baseline_latency_ms,baseline_cost_usd,baseline_answer,baseline_error,+KG_acc,+KG_faith,+KG_rel,+KG_rec,+KG_complete,+KG_mrr,+KG_in_tok,+KG_out_tok,+KG_latency_ms,+KG_cost_usd,+KG_answer,+KG_error,+multimodal_acc,+multimodal_faith,+multimodal_rel,+multimodal_rec,+multimodal_complete,+multimodal_mrr,+multimodal_in_tok,+multimodal_out_tok,+multimodal_latency_ms,+multimodal_cost_usd,+multimodal_answer,+multimodal_error,+both_acc,+both_faith,+both_rel,+both_rec,+both_complete,+both_mrr,+both_in_tok,+both_out_tok,+both_latency_ms,+both_cost_usd,+both_answer,+both_error
What vaccine is currently the only one used in China for leptospirosis?,PMC5985562_00009.txt,text,llama4-maverick,1,1,1,1,1,1.0,434,20,1593.0,7.7e-05,Multivalent inactivated vaccine is currently the only one used in China for leptospirosis.,,1,1,1,1,1,1.0,445,27,1346.0,8.3e-05,"Multivalent inactivated vaccine is currently the only one used in China for leptospirosis, specifically for both humans and livestock.",,1,1,1,1,1,1.0,624,28,2027.5,0.00011,"The multivalent inactivated vaccine is currently the only one used in China for leptospirosis, specifically administered to high-risk populations.",,1,0,1,1,1,1.0,639,54,1908.0,0.000128,"The text states that ""multivalent inactivated vaccine is currently the only one used in China"" for leptospirosis vaccination, specifically mentioning its use in",
What percentage increase in signal was observed for buprenorphine in the binary mixture when analyzed by TD-DART-MS?,PMC5731661_00008.txt,text,llama4-maverick,1,0,1,1,1,1.0,474,3,694.8,7.3e-05,323%,,1,0,1,1,1,1.0,519,3,372.8,8e-05,323%,,1,1,1,1,1,1.0,629,17,949.7,0.000105,A 323% increase in signal was observed for buprenorphine.,,1,0,1,1,1,1.0,678,3,555.4,0.000103,323%,
What is the name of the instrument developed at Laval University to measure doctor-patient communication competency in medical students?,PMC5658909_00001.txt,text,llama4-maverick,1,0,1,1,1,1.0,417,68,2397.4,0.000103,"The text doesn't explicitly mention that the instrument was developed at Laval University. However, it does mention the development of an instrument called ""Doc",,1,0,1,1,1,1.0,509,49,2096.3,0.000106,"According to the provided context, the instrument is referred to as ""Doctor-Patient Communication Competency for Medical Students (DPCC-MS)"".   Therefore, the a",,0,0,1,1,1,1.0,582,67,2833.4,0.000128,"You don't have the relevant text to answer the question directly, however, the text does mention ""Doctor-Patient Communication Competency for Medical Students (",,1,0,1,1,1,1.0,678,38,1792.0,0.000124,"The text mentions the ""Doctor-Patient Communication Competency for Medical Students (DPCC-MS)"" as the instrument to measure doctor-patient communication. Theref",
What linguistic cue indicates that the speaker knows what they are saying is factually not true in counterfactual comprehension?,PMC5018041_00001.txt,text,llama4-maverick,1,1,1,1,1,1.0,367,66,2695.2,9.5e-05,"The subjunctive mood. According to the text, ""Counterfactual comprehension... relies on successful comprehension of the subjunctive mood"" and an example is give",,1,1,1,1,1,1.0,416,86,3937.5,0.000114,"The knowledge-graph fact states that ""counterfactual comprehension relies on successful comprehension of subjunctive mood"" and ""subjunctive mood is linguistic c",,1,1,1,1,1,1.0,526,104,4065.9,0.000141,"The text mentions that counterfactual comprehension relies on successful comprehension of the subjunctive mood. It is stated that ""Counterfactuals are pragmatic",,1,1,1,1,1,1.0,579,68,2854.0,0.000128,The subjunctive mood is the linguistic cue that indicates the speaker knows what they are saying is factually not true in counterfactual comprehension. Accordin,
What was the primary diagnosis of the 115 women in the BED group?,PMC3051108_00002.txt,text,llama4-maverick,1,1,1,1,1,1.0,464,16,1093.3,7.9e-05,The primary diagnosis of the 115 women in the BED group was BED.,,1,0,1,1,1,1.0,480,146,5071.4,0.00016,"According to the context passage, the BED group actually included 115 women (stated as ""15 women with BED a9 their primary dingnoels"" in one passage and ""ith BE",,1,1,1,1,1,1.0,603,21,967.9,0.000103,The primary diagnosis of the 115 women in the BED group was BED (Binge Eating Disorder).,,1,0,1,1,1,1.0,623,40,1590.6,0.000117,"The primary diagnosis of the women in the BED group was BED (Binge Eating Disorder). According to the text, ""115 women with BED as their primary diagnosis"" were",
What type of mice were used to evaluate the protective role of EGCG against diabetic testicular damage?,PMC5733955_00001.txt,text,llama4-maverick,1,1,1,1,1,1.0,478,38,1305.8,9.4e-05,C57BL/6 wild-type and Nef Knockout male mice were used to evaluate the protective role of EGCG against diabetic testicular damage. They were 8 weeks old.,,1,1,1,1,1,1.0,568,41,1779.9,0.00011,"C57BL/6 wild-type and Nef Knockout mice were used to evaluate the protective role of EGCG against diabetic testicular damage. Specifically, they were 8-week-old",,1,1,1,1,1,1.0,658,55,2768.1,0.000132,"According to the text context provided in [PMC5733955_00001.txt], the type of mice used to evaluate the protective role of EGCG against diabetic testicular dama",,1,1,1,1,1,1.0,752,39,1810.6,0.000136,C57BL/6 wild-type and Nef Knockout mice were used to evaluate the protective role of EGCG against diabetic testicular damage. They were 8 weeks old male mice.,
What questionnaire module is used alongside the EORTC QLQ-C30 to assess breast cancer-specific symptoms?,PMC5759866_00005.txt,text,llama4-maverick,1,0,1,1,1,1.0,494,135,4972.5,0.000155,"The EORTC-QLQ-BR23 is not mentioned, instead, the text mentions ""the breast cancer specific module EORTC-QLQ-BR23 is not present but"" EORTC-QLQ-BR25 is mentione",,0,0,1,1,1,1.0,579,209,7649.3,0.000212,"The EORTC-QLQ-BR23 is mentioned in the context passage [PMC5759866_00005.txt] as the breast cancer specific module used alongside the EORTC QLQ-C30. However, th",,0,0,1,1,1,1.0,652,183,5543.7,0.000208,"The EORTC-QLQ-BR23 is mentioned in the text context as being used in conjunction with the EORTC QLQ-C30. However, the text actually refers to ""EORTC-QLQ-ERDS"" a",,0,0,1,1,1,1.0,741,207,6524.4,0.000235,"The EORTC-QLQ-BR23 is mentioned in the text context as being used alongside the EORTC QLQ-C30. However, the text actually refers to it as ""EORTC-QLQ-ERDS"" and """,
What year is associated with the Cngenve ae Fae nvsom esas entity in the passage?,PMC4974260_00004.txt,text,llama4-maverick,0,0,1,0,0,0.0,464,50,1993.9,0.0001,"I don't know. The provided context does not contain a clear reference to ""Cngenve ae Fae nvsom esas entity"" or a related year. The text appears to be garbled or",,0,0,1,0,0,0.0,475,57,2176.6,0.000105,"I don't know. There is no information in the provided context or knowledge-graph facts that associates a year with the entity ""Cngenve ae Fae nvsom esas"" in the",,0,0,1,0,0,0.0,633,54,2518.4,0.000127,"I don't know. The provided text context does not clearly mention a ""Cngenve ae Fae nvsom esas entity"" or a specific year associated with it. The text appears to",,0,0,1,0,0,0.0,648,76,4773.5,0.000143,"I don't know. The provided text context does not contain a clear or coherent reference to a ""Cngenve ae Fae nvsom esas entity"" or an associated year. The text a",
What term did the vocational trainees in this Swedish general practice study use to refer to a specific refugee group?,PMC4205530_00005.txt,text,llama4-maverick,1,1,1,1,1,1.0,448,10,822.4,7.3e-05,"The term used was ""Somali patient"".",,1,1,1,1,1,1.0,476,10,725.3,7.7e-05,"The term used was ""Somali patient"".",,1,1,1,1,1,1.0,610,10,539.7,9.7e-05,"The term used was ""Somali patient"".",,1,0,1,1,1,1.0,642,28,1487.3,0.000113,"The term used by the vocational trainees in the Swedish general medical practice study to refer to a specific refugee group was ""Somali patient"".",
What two approaches are discussed for assessing the grammatical abilities of nonhuman animals?,PMC5325849_00000.txt,text,llama4-maverick,1,1,1,1,1,1.0,433,41,2101.6,9e-05,The two approaches discussed are:   1. Comparing the structure of animal vocalizations with linguistic ones. 2. Addressing the grammatical rule- and pattern-lea,,1,1,1,1,1,1.0,451,49,2266.7,9.7e-05,Two approaches are discussed for assessing the grammatical abilities of nonhuman animals:   1. Comparing the structure of animal vocalizations with linguistic o,,1,1,1,1,1,1.0,588,50,2537.0,0.000118,The two approaches discussed for assessing the grammatical abilities of nonhuman animals are:   1. Comparing the structure of animal vocalizations with linguist,,1,1,1,1,1,1.0,610,50,1902.8,0.000121,Two approaches are discussed for assessing the grammatical abilities of nonhuman animals:   1. Comparing the structure of animal vocalizations with that of huma,
In which two countries is the 'her carer' category relatively more important when both parents are away?,PMC4837485_00006.txt,text,llama4-maverick,1,1,1,1,1,1.0,431,42,1648.0,9e-05,"According to the text, the 'her carer' category (i.e., older siblings, other relatives, and domestic workers) is relatively more important in Indonesia and the ",,1,1,1,1,1,1.0,473,52,9220.2,0.000102,"According to the context passage [PMC4837485_00006.txt], the 'her carer' category (i.e., older siblings, other relatives, and domestic workers) is relatively mo",,1,1,1,1,1,1.0,595,43,4054.5,0.000115,"According to the text context, the 'her carer' category (i.e., older siblings, other relatives, and domestic workers) is relatively more important in Indonesia ",,1,1,1,1,1,1.0,641,43,3835.2,0.000122,"According to the text context, the 'her carer' category (i.e., older siblings, other relatives, and domestic workers) is relatively more important in Indonesia ",
What proportion of CA- and HCA-BSI was reported by Laupland et al. for children aged 30 days to <1 year in Canada?,PMC4531492_00004.txt,text,llama4-maverick,1,1,1,1,1,1.0,458,38,3408.0,9.2e-05,"According to the context, Laupland et al. reported an 81% proportion of CA- and HCA-BSI for children aged 30 days to <1 year in Canada.",,1,1,1,1,1,1.0,488,37,3343.4,9.5e-05,"According to the context passage, Laupland et al reported 81% proportion of CA- and HCA-BSI for children aged 30 days to <1 year in Canada.",,1,1,1,1,1,1.0,633,38,5073.3,0.000118,"According to the text context, Laupland et al reported an 81% proportion of CA- and HCA-BSI for children aged 30 days to <1 year in Canada.",,1,1,1,1,1,1.0,667,38,3666.2,0.000123,"According to the text context, Laupland et al reported an 81% proportion of CA- and HCA-BSI for children aged 30 days to <1 year in Canada.",
What equipment is most commonly used for microfluidics in phylogenomics?,PMC5895195_00002.txt,text,llama4-maverick,1,0,1,1,1,1.0,420,8,2784.5,6.8e-05,The Fluidigm Access Array System.,,1,0,1,1,1,1.0,436,8,1056.9,7e-05,The Fluidigm Access Array System.,,1,1,1,1,1,1.0,581,8,691.0,9.2e-05,The Fluidigm Access Array System.,,1,1,1,1,1,1.0,601,111,4687.3,0.000157,"The Fluidigm Access Array System is the most commonly used equipment for microfluidics in phylogenomics. It is manufactured by Fluidigm Corporation, based in Sa",
What NT level value is associated with 87.3% sensitivity and 91.7% specificity for discriminating colon pathology from normal colonic epithelium?,PMC5591352_00002.txt,text,llama4-maverick,1,1,1,1,1,1.0,511,38,1655.8,9.9e-05,The value of 1293 pg/ml is associated with 87.3% sensitivity and 91.7% specificity for discriminating the colon pathology from normal colonic epithelium.,,1,0,1,1,1,1.0,577,37,1699.5,0.000109,The value of 1293 ppl is associated with 87.3% sensitivity and 91.7% specificity for discriminating colon pathology from normal colonic epithelium.,,1,1,1,1,1,1.0,704,38,1716.9,0.000128,The value of 1293 pg/ml is associated with 87.3% sensitivity and 91.7% specificity for discriminating the colon pathology from normal colonic epithelium.,,1,0,1,1,1,1.0,774,38,2171.6,0.000139,The value of 1293 ppl is associated with 87.3% sensitivity and 91.7% specificity for discriminating the colon pathology from normal colonic epithelium.,
What was the total number of registered GPs in the Seine-Maritime area in 2010?,PMC4308843_00001.txt,text,llama4-maverick,1,1,1,1,1,1.0,447,24,1349.3,8.1e-05,"According to the text, in 2010, the Seine-Maritime area had 1040 registered GPs.",,1,1,1,1,1,1.0,472,23,2445.0,8.5e-05,The total number of registered GPs in the Seine-Maritime area in 2010 was 1040.,,1,1,1,1,1,1.0,619,23,1139.3,0.000107,The total number of registered GPs in the Seine-Maritime area in 2010 was 1040.,,1,1,1,1,1,1.0,648,99,7650.3,0.000157,"According to the text context, in 2010, the Seine-Maritime area had 1040 registered GPs. This is also supported by the knowledge-graph fact that states ""registe",
How many patients treated with placebo experienced their first stroke more than 390 days after the first intake of trial medication?,PMC5404404_00002.txt,text,llama4-maverick,0,0,0,1,1,1.0,503,5,527.1,7.8e-05,I don't know.,,0,0,0,1,1,1.0,576,5,560.7,8.9e-05,I don't know.,,0,0,1,1,1,1.0,663,60,5975.3,0.000135,I don't know. The provided text context does not contain information about the number of patients treated with placebo who experienced their first stroke more t,,0,0,0,1,1,1.0,740,5,586.2,0.000114,I don't know.,
What structural component of the T4 phage is formed by the trimeric assembly of gp27-gp5?,PMC3352280_00010.txt,text,llama4-maverick,1,1,1,1,1,1.0,516,37,1762.3,0.0001,"The cell puncturing device. According to the text, ""The trimeric assembly of gp27-gp5 results in the formation of the so-called cell puncturing device.""",,1,1,1,1,1,1.0,569,38,1701.9,0.000108,"The cell puncturing device. According to the context passage, ""The trimeric assembly of gp27-gp5 results in the formation of the so-called cell puncturing devic",,1,1,1,1,1,1.0,691,21,1252.2,0.000116,The cell puncturing device is formed by the trimeric assembly of gp27-gp5.,,1,1,1,1,1,1.0,748,21,1061.4,0.000125,The cell puncturing device is formed by the trimeric assembly of gp27-gp5.,
What percentage of species across all dietary categories were correctly classified using ecomorphology in the LDA?,PMC4321144_00001.txt,text,llama4-maverick,0,1,1,1,1,1.0,480,59,2491.3,0.000107,"According to the text, ecomorphology enabled correct classification of 87% of species across all dietary categories using LDA (as stated in the sentence: ""Gu-ce",,0,1,1,1,1,1.0,499,94,3480.5,0.000131,"According to the provided context passage [PMC4321144_00001.txt], ecomorphology signs enabled correct classification of 87% of species across all dietary catego",,1,0,1,1,1,1.0,622,68,2479.5,0.000134,"According to the text context, 'Spectral ecology sions enabled Gu-cecuect dloseitionion oé S7% of spores aeons all ity cleporie uring LDA (igure 2)'. So, 57% of",,1,0,1,1,1,1.0,645,74,3158.3,0.000141,"According to the text context, 'Dacrmination was ...  Gu-cecuect dloseitionion oé S7% of spores aeons all ity cleporie uring LDA (igure 2)'. Therefore, 57% of s",
What transcription factor is expressed in the epicardium during heart development?,PMC4798847_00001.txt,text,llama4-maverick,0,0,0,1,1,0.5,425,59,2709.9,9.9e-05,"I don't know. The provided context does not mention a specific transcription factor expressed in the epicardium during heart development. It does mention ""major",,0,0,0,1,1,0.5,442,59,2346.9,0.000102,I don't know.   The provided context passages and knowledge-graph facts do not directly mention a specific transcription factor expressed in the epicardium duri,,0,0,0,1,1,0.5,592,60,4274.3,0.000125,I don't know. The provided text context does not mention a specific transcription factor expressed in the epicardium during heart development. While it discusse,,0,0,1,1,1,0.5,613,51,3425.1,0.000123,I don't know. The provided text context and knowledge-graph facts do not directly mention a specific transcription factor expressed in the epicardium during hea,
What database was used to investigate whether young age at onset is an independent negative prognostic factor in breast cancer?,PMC5050233_00001.txt,text,llama4-maverick,0,0,1,1,1,1.0,430,53,2311.9,9.6e-05,I don't know. The provided context doesn't mention the specific database used to investigate whether young age at onset is an independent negative prognostic fa,,0,0,0,1,1,1.0,468,72,2657.0,0.000113,I don't know. The provided context passages and knowledge-graph facts do not mention a specific database used to investigate whether young age at onset is an in,,0,0,0,1,1,1.0,575,56,2100.2,0.00012,You don't know.   The text does not explicitly mention the database used to investigate whether young age at onset is an independent negative prognostic factor ,,0,0,0,1,1,1.0,617,69,2747.0,0.000134,"Unfortunately, the provided text context and knowledge-graph facts do not mention the specific database used to investigate whether young age at onset is an ind",
What modification was made to the SCID diagnostic criteria for Major Depressive Disorder in the study conducted in Kyiv and Zaporizhia?,PMC6092824_00003.txt,text,llama4-maverick,0,1,1,1,1,1.0,460,91,17508.5,0.000124,"The text states that the SCID criteria for Major Depressive Disorder (MDD) was ""slightly modified"" to improve the likelihood of capturing probable cases. The mo",,1,1,1,1,1,1.0,508,73,2603.0,0.00012,The SCID criteria for Major Depressive Disorder (MDD) was slightly modified. The modification was made as interviewers reported a pattern of participants not re,,0,1,1,1,1,1.0,645,88,3521.1,0.00015,"The modification made to the SCID diagnostic criteria for Major Depressive Disorder (MDD) was to improve the likelihood of capturing probable cases, as intervie",,1,1,1,1,1,1.0,697,75,3022.9,0.00015,The SCID criteria for Major Depressive Disorder (MDD) and Post-Traumatic Stress Disorder (PTSD) were slightly modified to improve the likelihood of capturing pr,
What chemotherapy regimen was used for neoadjuvant treatment in a single patient with stage IVb thymic carcinoma?,PMC6103631_00003.txt,text,llama4-maverick,0,0,0,1,1,1.0,491,67,2561.4,0.000114,"I don't know. The provided context doesn't mention neoadjuvant treatment or stage IVb thymic carcinoma. However, it does mention that one patient received concu",,1,0,0,1,1,1.0,577,173,5619.4,0.00019,"Based on the provided context, the relevant information is found in [PMC6103631_00003.txt]. The passage mentions a patient with thymic carcinoma and describes t",,0,0,1,1,1,1.0,650,121,3958.8,0.00017,"You don't have the specific information about a single patient with stage IVb thymic carcinoma receiving neoadjuvant treatment in the provided text. However, th",,0,0,0,1,1,1.0,740,200,27333.8,0.000231,"The provided text does not directly mention the chemotherapy regimen used for neoadjuvant treatment in a patient with stage IVb thymic carcinoma. However, it do",
What research methodology is mentioned as showing persons and institutions that embody several roles and functions?,PMC5306236_00019.txt,text,llama4-maverick,1,1,1,1,1,1.0,414,19,930.9,7.3e-05,"The research methodology mentioned is ""following the actors"" as per Latour (1987).",,0,0,1,1,1,1.0,436,39,1493.7,8.9e-05,"The research methodology mentioned is ""following the actors"" as per Latour (1987), and it is stated that the research methodology is case studies. Therefore, th",,1,1,1,1,1,1.0,552,36,1774.4,0.000104,"The research methodology mentioned is ""following the actors"" (Latour 1987). This approach is described as showing persons and institutions that are embodiments ",,0,1,1,1,1,1.0,578,49,1412.8,0.000116,"The research methodology mentioned is ""following the actors"" (Latour 1987), which is related to case studies. According to the knowledge-graph facts, the resear",
What diagnostic method was consistently positive in all examined cases of Bartonella infection?,PMC5997851_00004.txt,text,llama4-maverick,1,1,1,1,1,1.0,428,12,701.5,7.1e-05,Bartonella DNA test was positive in all cases.,,1,1,1,1,1,1.0,455,43,1806.8,9.4e-05,"According to the provided context, ""Bartonella DNA was positive in all cases."" Therefore, the diagnostic method that was consistently positive in all examined c",,1,1,1,1,1,1.0,579,60,2803.8,0.000123,"According to the text, Bartonella DNA was positive in all cases. This indicates that the diagnostic method that was consistently positive was the detection of B",,1,1,1,1,1,1.0,610,42,2261.6,0.000117,"According to the text context, ""Bartonella DNA was positive in all cases."" This indicates that the diagnostic method consistently positive in all examined cases",
What is the AB42/AB40 ratio significantly higher in compared to the EV-depleted medium?,PMC5137253_00001.txt,text,llama4-maverick,0,0,0,0,0,0.0,441,26,1408.5,8.2e-05,I don't know. The provided context does not contain information about the AB42/AB40 ratio or EV-depleted medium.,,0,0,0,0,0,0.0,452,5,481.4,7.1e-05,I don't know.,,0,0,0,0,0,0.0,631,25,1280.4,0.00011,I don't know. The provided text context does not mention the AB42/AB40 ratio or EV-depleted medium.,,0,0,0,0,0,0.0,646,5,454.2,0.0001,I don't know.,
What was the threshold for the number of magnetic resonance images used to compare HCC before and after registration?,PMC5976220_00003.txt,text,llama4-maverick,0,0,1,0,0,0.0,470,64,2573.1,0.000109,I don't know. The provided context doesn't mention a threshold for the number of magnetic resonance images used to compare HCC before and after registration. It,,0,0,1,0,0,0.0,504,71,2370.3,0.000118,"The threshold was 5. However, the context doesn't mention comparing HCC before and after registration. It does mention that registration was performed, and affi",,0,0,0,0,0,0.0,637,108,3029.3,0.00016,"I don't know. The provided text context and image descriptions do not mention a comparison of HCC (Hepatocellular Carcinoma) before and after registration, nor ",,0,0,1,0,0,0.0,675,65,2176.9,0.00014,"According to the knowledge-graph facts, the threshold was 5. However, the context of the threshold is not explicitly stated in the provided text or image descri",
Which diagnostic group showed no significant correlations for planning and text organization?,PMC5868987_00013.txt,text,llama4-maverick,0,0,1,1,1,1.0,478,185,5975.3,0.000183,"According to the text, both the dysgraphia and dyslexia groups showed different patterns of correlations, but it is stated that ""For planning and text organizat",,1,1,1,1,1,1.0,512,236,10790.8,0.000218,"To answer this question, we need to look at the provided context passages and knowledge-graph facts.  The relevant passage is: ""For planning and text organizati",,0,0,1,1,1,1.0,624,191,6180.1,0.000208,"To answer this question, we need to look at the provided text context.  The relevant text is: ""For planning and text organization, oly the contol group showed i",,0,0,1,1,1,1.0,662,431,12479.2,0.000358,"To answer this question, we need to look at the provided text context. The relevant information is in the following sentences:  ""For planning and text organizat",
What molecule was measured in SHRSP rats and WKY rats to compare its levels before and after administration?,PMC4490909_00005.txt,text,llama4-maverick,1,0,1,1,1,0.5,482,46,1675.3,0.0001,"According to the provided context, specifically in [PMC4490909_00005.txt], the molecule measured in SHRSP rats and WKY rats to compare its levels before and aft",,0,0,1,1,1,0.5,510,66,4339.0,0.000116,"According to the knowledge-graph facts and the provided context passages, specifically [PMC4490909_00005.txt], the molecule measured in SHRSP rats and WKY rats ",,1,0,1,1,1,0.5,689,45,1917.7,0.00013,"According to the text context provided in [PMC4490909_00005.txt], the molecule measured in SHRSP rats and WKY rats to compare its levels before and after admini",,0,0,1,1,1,0.5,721,131,5992.5,0.000187,"According to the text context in [PMC4490909_00005.txt], the molecule measured in SHRSP rats and WKY rats to compare its levels before and after administration ",
What percentage of productive forest land in Sweden is privately owned?,PMC5999132_00005.txt,text,llama4-maverick,0,0,1,1,1,1.0,460,179,10738.4,0.000176,"Approximately 86% (as stated ""816%"" is likely a typo and should be around 86%, but the exact text says ""816%"") ... no, it is more likely that the correct percen",,1,1,1,1,1,1.0,498,23,1122.7,8.8e-05,"According to the provided context, approximately 81.6% of productive forest land in Sweden is privately owned.",,0,1,1,1,1,1.0,635,35,1345.7,0.000116,"Approximately 81% (or around 816% as written in the text, likely a typo or formatting issue) of productive forest land in Sweden is privately owned.",,1,1,1,1,1,1.0,677,18,1184.3,0.000112,Approximately 81.6% of productive forest land in Sweden is privately owned.,
What cutoff score on the ADOS or ADI-R was used to define the at-risk typical group?,PMC3942014_00004.txt,text,llama4-maverick,0,0,0,1,1,1.0,554,164,9055.0,0.000181,"According to the provided context, specifically in [PMC3942014_00004.txt], a child was considered ""at-risk typical"" if they scored within 1 SD of the mean (>77.",,1,0,1,1,1,1.0,565,75,2862.9,0.00013,"According to the passage [PMC3942014_00004.txt], the cutoff score used to define the at-risk typical group was scoring within 1 SD of the mean (>7.75) on the AD",,0,0,0,1,1,1.0,734,177,6564.2,0.000216,"According to the text context provided in [PMC3942014_00004.txt], the cutoff score used to define the ASD group (not at-risk typical, but related) on the ADOS o",,0,0,0,1,1,1.0,749,342,16193.7,0.000318,"To determine the cutoff score used to define the at-risk typical group based on the ADOS or ADI-R, we need to look at the information provided in the text conte",
"What percentage of the HAdV-positive wastewater samples in the Eastern Cape Province, South Africa contained adenovirus serotype 3 (species B)?",PMC5093187_00008.txt,text,llama4-maverick,1,1,1,1,1,1.0,527,34,1478.2,9.9e-05,"According to the text, 86.7% (26/30) of the HAdV-positive samples contained adenovirus serotype 3 (species B).",,1,1,1,1,1,1.0,613,44,1826.7,0.000118,"According to the provided context, adenovirus serotype 3 was detected in 86.7% (26/30) of the HAdV-positive samples. Therefore, the answer is 86.7%.",,1,1,1,1,1,1.0,716,37,1598.9,0.00013,"According to the text, adenovirus serotype 3 (species B) was detected in 86.7% (26/30) of the HAdV-positive samples.",,1,1,1,1,1,1.0,806,43,1864.1,0.000147,"According to the text context and knowledge-graph facts, adenovirus serotype 3 was detected in 86.7% of the HAdV-positive samples. Therefore, the answer is 86.7",
What is the effect of the methylene chloride fraction from Rubus coreanum on blood pressure in anesthetized rats?,PMC4745144_00000.txt,text,llama4-maverick,1,1,1,1,1,1.0,404,22,1478.9,7.4e-05,The methylene chloride fraction from Rubus coreanum has a hypotensive action in anesthetized rats.,,1,1,1,1,1,1.0,475,31,1305.3,9e-05,The methylene chloride fraction from Rubus coreanum causes a hypotensive effect in anesthetized rats. This is related to its depressor action.,,1,1,1,1,1,1.0,597,55,2150.2,0.000123,"The methylene chloride fraction from Rubus coreanum causes hypotensive action (lower blood pressure) in anesthetized rats. According to the text, it ""causes vas",,1,1,1,1,1,1.0,672,120,5351.3,0.000173,"The methylene chloride fraction from Rubus coreanum causes a hypotensive effect in anesthetized rats. This is supported by the text context, which states that t",
What ELISA kit was used to measure HMGB1 concentration in CSF samples?,PMC5061653_00002.txt,text,llama4-maverick,1,1,1,1,1,1.0,458,33,1627.8,8.9e-05,"The ELISA kit used to measure HMGB1 concentration was the ""HMGB1 ELISA Kit II (SHINO-TEST Corporation, Kanagawa, Japan)"".",,1,1,1,1,1,1.0,471,33,2115.4,9e-05,"The ELISA kit used to measure HMGB1 concentration was the ""HMGB1 ELISA Kit II (SHINO-TEST Corporation, Kanagawa, Japan)"".",,0,1,1,1,1,1.0,676,32,1450.4,0.000121,"The ELISA kit used to measure HMGB1 concentration was the ""FING ELISA Kit II (SHINO-TEST Corporation, Kanagawa, Japan)"".",,1,1,1,1,1,1.0,693,33,1015.3,0.000124,"The ELISA kit used to measure HMGB1 concentration was the ""HMGB1 ELISA Kit II (SHINO-TEST Corporation, Kanagawa, Japan)"".",
What was the Kaiser-Meyer-Olkin measure of sampling adequacy for the dataset?,PMC2627534_00003.txt,text,llama4-maverick,1,1,1,1,1,1.0,477,21,939.7,8.4e-05,The Kaiser-Meyer-Olkin measure of sampling adequacy for the dataset was 0.77.,,1,1,1,1,1,1.0,496,21,736.0,8.7e-05,The Kaiser-Meyer-Olkin measure of sampling adequacy for the dataset was 0.77.,,1,1,1,1,1,1.0,635,56,1565.6,0.000129,"The Kaiser-Meyer-Olkin measure of sampling adequacy for the dataset was 0.77, as mentioned in the text context of [PMC2627534_00003.txt] and also presented in t",,1,1,1,1,1,1.0,658,70,3089.4,0.000141,The Kaiser-Meyer-Olkin measure of sampling adequacy for the dataset was 0.77. This is directly stated in the text context of [PMC2627534_00003.txt] and supporte,
What was identified as the single independent risk factor for MDRGNB-infected foot ulcers in diabetic patients?,PMC2821376_00000.txt,text,llama4-maverick,1,1,1,1,1,1.0,449,16,621.5,7.7e-05,Glycemic control at discharge was identified as the single independent risk factor.,,1,1,1,1,1,1.0,495,16,799.2,8.4e-05,Glycemic control at discharge was identified as the single independent risk factor.,,1,1,1,1,1,1.0,630,17,870.4,0.000105,'Glycemic control at discharge' was identified as the single independent risk factor.,,1,1,1,1,1,1.0,680,16,1027.6,0.000112,Glycemic control at discharge was identified as the single independent risk factor.,
