question,expected,generated,recall,mrr,ndcg,answer_correct,faithfulness,answer_relevancy,bleu,rougeL,bertscore_f1
What method is used to assess the spatial consistency of ERP maps across subjects?,the grand mean ERP map,The method used to assess the spatial consistency of ERP maps across subjects is the Topographic Consistency Test (TCT).,1,1.0,1.0,0,1,1,0.021,0.25,0.848
What is confirmed by studies recording the lateralized readiness potential (LAP) regarding incorrect spatial responses?,the incorrect spatial response is briefly activated while the correct response is emerging,Studies recording the lateralized readiness potential (LAP) confirm that the incorrect spatial response is briefly activated while the correct response is emerging on incompatible trials.,1,1.0,1.0,1,1,1,0.432,0.684,0.922
What is of paramount importance for the activation of p70S6K?,the phosphorylation of Serine residue in 411 position,The phosphorylation of the Serine residue in the 411 position is of paramount importance for the activation of p70S6K.,1,1.0,1.0,1,1,1,0.108,0.593,0.919
What is the risk associated with visual manual interaction during cell networking and text messaging while driving?,comparable to having 0.15 mg/mL alcohol in the blood,"The risk associated with visual manual interaction during cell networking and text messaging while driving is an increase in the risk of accidents, comparable to having 0.15% blood alcohol content.",1,1.0,1.0,1,1,1,0.09,0.286,0.873
What is the primary mechanism by which fibrates lower lipid levels?,activating the peroxisome proliferator-activated receptor-alpha (PPAR-alpha),Fibrates lower lipid levels primarily by activating the peroxisome proliferator-activated receptor-alpha (PPAR-alpha).,1,1.0,1.0,1,1,1,0.476,0.75,0.945
What does the term 'Lamerr' refer to in the context of parenting discipline?,permissive discipline,"The term 'Lamerr' refers to permissive discipline, where a parent may say that a child can't do something but allows them to do it anyway, indicating a lack of strict adherence to rules.",1,1.0,1.0,1,0,1,0.021,0.111,0.869
What does the Hepatocoon clade represent in terms of its phylogenetic structure?,a polyphyly with H. sacrum and H. toi forming 2 well-supported monophyletic clades,"The Hepatocoon clade represents a polyphyletic structure, with well-supported monophyletic groups formed within it.",1,1.0,1.0,1,0,1,0.062,0.345,0.896
What stabilization method is most commonly described in the articles regarding the effect of applying dentition?,the use of features or wires,The most commonly described stabilization method in the articles regarding the effect of applying dentition is the use of features or wires.,1,0.5,0.631,1,0,1,0.203,0.429,0.899
What stem cell factors are associated with NSCLC resistance to chemotherapy?,"Sox2, Oct and Nanog","The stem cell factors associated with NSCLC resistance to chemotherapy are Sox2, Oct, and Nanog.",1,1.0,1.0,1,1,1,0.101,0.421,0.881
What are the protective effects of coactivation of PPAR and Nrf2?,"against oxidative stress, inflammation and carcinogenesis","The coactivation of PPAR and Nrf2 has been shown to protect against oxidative stress, inflammation, and carcinogenesis.",1,1.0,1.0,1,1,1,0.206,0.522,0.906
What did GFP bleaching in phagocytized bacteria suggest about cytoplasmic HOC concentrations?,that cytoplasmic HOC concentrations were significant,GFP bleaching in phagocytized bacteria suggested that cytoplasmic HOC! concentrations were significant.,1,1.0,1.0,1,1,1,0.178,0.667,0.915
What is a key feature of a substrate-based radiotracer for a hyalase?,the enzyme activation of the radiolabeled substrate cuts 2 fragments,"A key feature of a substrate-based radiotracer for a hyalase is that it must be easily radiolabeled, compatible with the enzyme active site, and reliably accumulate at the site of enzyme activity.",1,1.0,1.0,0,1,1,0.027,0.186,0.862
What was the effect of LPS stimulation on the mRNA level of a specific gene in SJL and L/L pups?,LPS stimulation significantly elevated the mRNA level of the gene in SJL and L/L pups.,LPS stimulation significantly elevated the mRNA level of a specific gene in SJL and L/L pups.,1,1.0,1.0,1,1,1,0.791,0.909,0.992
What analysis method was used to determine statistical significance in the study?,One-way ANOVA followed by Bonferroni comparison test and Student's t-test (two-tailed),"The analysis method used to determine statistical significance in the study included the Students test, Chi-square test, and the Mann-Whitney test, with a p-value of 0.05 considered statistically significant.",0,0.0,0.0,0,1,1,0.013,0.125,0.846
What media were used for the matrix factor of doxorubicin?,DMEM/F12 and fetal M199 media,The media used for the matrix factor of doxorubicin were DMEM/F12 and fetal M199 media.,1,1.0,1.0,1,1,1,0.327,0.545,0.902
What did Shabuova et al. (2014) define as the bacterial 'core' assemblage?,the subset of those bacterial genotypes that were present in all samples during their temporal study of the bacterial community development in stagnant rock pools,"Shabuova et al. (2014) defined a bacterial ""core"" assemblage as the subset of those bacterial genotypes that were present in all samples during their temporal study of the bacterial community development in stagnant rock pools.",1,1.0,1.0,1,1,1,0.595,0.833,0.941
What is an independent negative prognostic factor in breast cancer?,young age at onset,Young age at onset is an independent negative prognostic factor in breast cancer.,1,1.0,1.0,1,1,1,0.106,0.471,0.894
What is the prevalence of Pompe disease in Australia compared to the expected prevalence for Bop?,"considerably lower than that expected for Bop, 1-283,000","The prevalence of Pompe disease in Australia is considerably lower than the expected prevalence for Bop, which is 1-283,000.",1,1.0,1.0,1,0,1,0.143,0.581,0.897
What medium was selected to enhance the production of active SMa?,YES medium,YES medium was selected to enhance the production of active SMa.,1,1.0,1.0,1,1,1,0.068,0.308,0.813
What compensatory mechanism occurs in Dictyostelium discoideum when SCAR is lost?,WASP moving to the leading edge to generate morphologically normal pseudopods,"In Dictyostelium discoideum, when SCAR is lost, it is compensated by WASP moving to the leading edge to generate morphologically normal pseudopods.",1,1.0,1.0,1,1,1,0.402,0.667,0.892
What do the abbreviations ECFP and DR stand for in the context of fluorescent proteins?,"enhanced cyan fluorescent protein and Discosoma sped fluorescent protein, respectively","ECFP stands for enhanced cyan fluorescent protein, and DR stands for Discosoma sped fluorescent protein.",1,1.0,1.0,1,1,1,0.333,0.72,0.908
What statistical tests were used to compare the frequencies of outpatient physician visits and other procedures by progression status?,Mann-Whitney U-tests,Mann-Whitney U-tests were used to compare the frequencies of outpatient physician visits and other procedures by progression status.,1,1.0,1.0,1,1,1,0.04,0.333,0.895
What genes were analyzed for allelic frequencies and case-control associations with ASDs?,NLGN3 and NLGN4X,The genes analyzed for allelic frequencies and case-control associations with ASDs are NLGN3 and NLGN4X.,1,1.0,1.0,1,1,1,0.091,0.316,0.881
What is the suggested notion regarding smokers who attempt to quit in relation to COPD?,many smokers do attempt to quit until they are diagnosed with COPD,The suggested notion is that many smokers attempt to quit when they are ill with COPD.,1,1.0,1.0,1,1,1,0.141,0.643,0.924
